Seller_ID,Seller_Name,Email,Phone,Join_Date,Address_ID
1,Divan-Ravel,araja@narasimhan.net,+91-8557461973,2022-02-12,4663
2,Nagy-Sankaran,forum57@wadhwa.net,+91-4125596468,2021-11-30,20
3,Kata LLC,ijayakrishnamurthy@tella.com,+91-4845569003,2023-02-02,6897
4,Bhargava-Biswas,bhallaindira@garg.com,+91-4534937454,2022-05-19,3521
5,Walia-Cherian,nramaswamy@mital.com,+91-9919812804,2021-09-24,6803
6,"Raju, Mangat and Ratta",zmajumdar@khurana.com,+91-0313794351,2021-10-25,1310
7,"Choudhry, Dugar and Bhavsar",pranav96@sodhi.com,+91-7559617544,2021-09-07,113
8,Babu and Sons,neel12@vaidya-seth.info,+91-9351751236,2022-10-06,6904
9,Kanda-Mand,ikbal66@venkatesh.com,+91-3096677548,2021-07-17,328
10,"Saran, Parmar and Loyal",lsarraf@deep.com,+91-8648331207,2024-12-11,2008
11,Modi-Boase,ekapadsood@chakrabarti.net,+91-5591482485,2021-10-19,5789
12,Parekh PLC,benjamin50@dhingra-chadha.biz,+91-0817205886,2022-08-13,3317
13,"Dutta, Char and Choudhry",jbrahmbhatt@bassi-menon.biz,+91-0554747640,2024-05-25,1564
14,Joshi-Rao,gaurimadan@bail-dua.com,+91-6087753446,2022-04-11,6594
15,"Golla, Kara and Kumar",wakeeta02@shetty.com,+91-3054964154,2024-01-02,4165
16,Edwin-Dhawan,chavvi64@tank.org,+91-0788052535,2021-09-26,5427
17,Rau Group,wsood@saha-lad.com,+91-2888179585,2023-01-08,2924
18,Kata and Sons,deepamalhotra@kannan-bera.com,+91-4964415099,2025-01-10,5197
19,Shan-Rajagopalan,meghanahalder@choudhury.com,+91-9186373854,2022-11-04,6939
20,Purohit Inc,ishitanarayanan@kant.biz,+91-7435273130,2024-08-26,6504
21,"Pingle, Ahluwalia and Bhat",rsachdev@sarraf-sawhney.info,+91-6478161956,2025-04-19,6633
22,Bansal-Chaudhary,kamble@cheema.com,+91-4987881403,2024-01-19,3306
23,Sandhu-Agarwal,omdutt@varkey.info,+91-4343250222,2023-11-22,6517
24,Wagle-Bora,tailorarya@lad-agrawal.com,+91-9319129100,2022-12-19,2150
25,Pandit and Sons,pahal17@nagy.com,+91-0951195852,2021-12-23,3373
26,Kadakia PLC,kandafaras@kumer.com,+91-9055733282,2023-09-17,5972
27,Bhakta-Rai,qchawla@swaminathan.com,+91-6111493093,2023-06-17,582
28,Merchant Group,gamble@sarma-gara.info,+91-9988507395,2024-03-29,2317
29,Borah-Garde,ucchal04@dhar-dalal.com,+91-8267410929,2023-09-27,4700
30,"Kothari, Pandya and Raghavan",nakulsheth@magar-tella.com,+91-2316218982,2023-01-13,3669
31,Dhaliwal-Srinivasan,arjun21@chhabra.com,+91-5677460547,2022-09-05,2190
32,"Narain, Basak and Narang",dashnandini@yogi-chadha.com,+91-4377040097,2021-10-31,2581
33,Date PLC,nisha68@palla.com,+91-7901780594,2023-07-18,4875
34,Shah Ltd,prisharamachandran@raj.com,+91-1009111296,2025-02-12,3979
35,"Bhandari, Kota and Varughese",ektamand@bala.org,+91-2345132928,2021-09-18,5290
36,Kalita Ltd,hariayushman@pant.org,+91-3207904552,2023-12-23,4803
37,"Vaidya, Sood and Grover",zkale@saran-wali.com,+91-0215809013,2021-10-25,1712
38,Sundaram-Srivastava,upasna93@bhatnagar-kapoor.info,+91-1322972093,2022-10-15,856
39,Vohra Group,spathak@shere.com,+91-7448992648,2024-03-23,4283
40,Munshi Group,andrew04@konda.com,+91-1868858984,2024-05-21,1783
41,Chowdhury-Handa,acharyadev@apte-sachar.com,+91-6783874589,2023-12-21,4810
42,Parikh LLC,gabajairaj@doctor-varkey.info,+91-5396918759,2023-11-09,5727
43,Suresh and Sons,kchada@choudhary.org,+91-4688296413,2023-08-08,6309
44,"Garg, Barad and Divan",agrawalavi@balasubramanian-desai.biz,+91-5777926948,2022-12-12,4676
45,"Wali, Madan and Dutta",kraja@bath-rama.com,+91-1344879400,2023-05-29,5566
46,"Lall, Sethi and Choudhury",tdora@pandit.com,+91-4388125873,2023-07-16,3969
47,Ramesh Group,ekbalchakrabarti@shenoy.org,+91-7841884578,2024-04-29,6133
48,Mani Group,mitali00@jha.com,+91-4064800593,2022-06-28,4705
49,Chaudhari-Panchal,hredhaan42@minhas.com,+91-2071635857,2022-07-24,6871
50,Jani-Shankar,vinayaoak@srinivasan-baria.com,+91-3713947332,2024-07-22,4438
51,Menon Inc,gdalal@lata.com,+91-6159194672,2024-05-17,5801
52,Kaul Ltd,kaijhaveri@acharya-bhatti.com,+91-0617610455,2023-02-14,2276
53,"Mangal, Goswami and Bumb",tellatarak@batta.com,+91-6820877605,2023-03-02,6899
54,Sama-Madan,saanvi33@palla.com,+91-8667323947,2022-05-02,4901
55,"Ray, Balakrishnan and Devi",poak@swaminathan.com,+91-5661247579,2024-09-25,6469
56,Vasa Group,patellogan@chopra-agrawal.com,+91-5919933734,2023-01-15,634
57,Vyas PLC,balsiya@batra.com,+91-1310685089,2022-10-21,2111
58,"Dave, Modi and Mitra",hbail@zacharia.com,+91-2399118664,2023-06-26,4905
59,Kapur and Sons,kbora@patla.com,+91-9828336670,2024-02-11,5785
60,"Kohli, Dass and Ganesh",lhari@nagi.net,+91-7360538749,2023-08-08,4146
61,Ramaswamy-Prabhu,charvisaxena@jayaraman.biz,+91-2802136521,2023-10-28,3501
62,"Suresh, Garg and Srinivasan",harinakshigoswami@dasgupta-chaudhry.biz,+91-4601982000,2023-05-30,282
63,"Parekh, Jhaveri and Zacharia",barkha11@nagy.com,+91-1735237371,2024-04-21,4828
64,Acharya and Sons,subramaniamranveer@sule-issac.com,+91-6590419397,2021-09-06,6063
65,"Agate, Dar and Sant",amurthy@magar-koshy.org,+91-3309990756,2024-02-11,5081
66,Grewal Ltd,ekaran@agate.biz,+91-4859391673,2025-02-20,2581
67,"Saini, Sur and Chacko",xhegde@dada.net,+91-9073005859,2023-10-18,6668
68,Bhandari-Oommen,vedhikacheema@basak.net,+91-4119090884,2025-04-05,2569
69,Tella-Dash,aachal47@ramesh.org,+91-8803879661,2021-10-04,117
70,Gera-Pandya,imann@walia-singhal.info,+91-0468034633,2024-03-15,2311
71,Yadav PLC,hemangini30@venkataraman.info,+91-5854772779,2022-01-04,4893
72,"Sandhu, Bhagat and Hari",padmanabhankrish@thaker-patla.com,+91-9725404498,2025-01-22,5753
73,Shan Inc,chatresh64@bansal.info,+91-2763794779,2023-10-25,6558
74,Kothari and Sons,ishaan60@anand.com,+91-3748570716,2022-03-13,5422
75,Saha Inc,eesha45@jaggi.net,+91-2771205271,2024-03-22,1701
76,Bhakta PLC,chandani04@badami.org,+91-1125388360,2024-01-16,1171
77,Bahl Ltd,mangalpahal@sangha.com,+91-9326306993,2022-11-11,6747
78,"Patel, Om and Tripathi",katadivya@sahota.com,+91-0930810335,2024-08-29,3416
79,"Bhalla, Lad and Singhal",fitandayal@din-deshpande.com,+91-6538855517,2022-03-31,6350
80,Som and Sons,advaithrajagopal@gaba.info,+91-2552113632,2023-01-15,3576
81,Bahri-Ghosh,wswamy@saran-hayer.com,+91-0008904887,2023-05-07,2430
82,Rama-Ramachandran,vedhika89@mann.com,+91-5348537338,2022-01-14,1774
83,"Mutti, Sahni and Batta",mitalqasim@aggarwal-krish.net,+91-0179179648,2021-10-30,1045
84,"Patel, Borra and Konda",bosejasmit@parmar.com,+91-8652717488,2024-10-02,1080
85,"Issac, Chandran and More",keya13@hans-krishna.com,+91-1546891640,2023-04-08,6106
86,"Samra, Narayanan and Dasgupta",xloyal@ghose.com,+91-9581129580,2023-12-24,1823
87,Suri LLC,tandonbrinda@dugar.com,+91-7798286965,2024-05-23,4838
88,Raja-Baral,darpan80@ray-sanghvi.com,+91-9676268252,2023-08-02,2108
89,Narayan and Sons,devika68@dutt-seth.com,+91-0700034921,2022-06-27,3122
90,"Rastogi, Butala and Mahal",simon42@golla.biz,+91-8320907965,2023-06-06,831
91,Sangha and Sons,abdulsathe@bobal.com,+91-4825278941,2023-05-24,1072
92,"Dua, Lata and Wason",pchhabra@sen.org,+91-8774133275,2022-01-16,827
93,Garde Group,aarini88@parekh.com,+91-0714616915,2025-01-08,1286
94,Nayak Group,unnati42@gill-kanda.com,+91-8533267897,2025-05-28,5887
95,"Mahajan, Chandra and Chatterjee",brinda97@chacko-das.com,+91-8095990509,2024-02-28,4490
96,Mandal Ltd,vansharadhakrishnan@prakash.org,+91-1791762163,2024-03-16,4799
97,"Ravel, Prasad and Chahal",rameshsamesh@bora.com,+91-7420772521,2022-06-03,5767
98,Brahmbhatt-Shenoy,oscarsaraf@varughese.com,+91-1001342050,2024-04-01,4372
99,Uppal-Mani,advaith66@chacko.com,+91-9634048406,2024-11-18,6600
100,Shukla-Shroff,bhavya68@chokshi.info,+91-7542918504,2024-10-09,5333
101,Rajagopal-Solanki,yadavurvi@baria.biz,+91-7220189791,2021-12-08,612
102,Bajwa-Modi,korpalqarin@ahluwalia-thakur.com,+91-9266550177,2024-10-22,5412
103,Toor Inc,janya10@yadav.com,+91-3623682577,2024-09-13,855
104,"Mander, Brahmbhatt and Dass",deolnachiket@dhar.net,+91-7178791439,2021-09-04,2700
105,"Randhawa, Pant and Wason",abhimanyu80@gola.biz,+91-9762847178,2021-10-19,5046
106,Chakraborty LLC,narayanjoshua@goda.info,+91-6664272118,2022-08-27,2362
107,Cherian-Trivedi,anita90@suri.org,+91-5822181372,2024-12-15,4608
108,Dara-Subramaniam,vohralohit@vohra.com,+91-7320061911,2022-09-16,2781
109,"Chowdhury, Deep and Majumdar",ldubey@bala.info,+91-6078434737,2024-06-25,1868
110,Jha and Sons,qsodhi@kibe.com,+91-1748413509,2021-06-29,2061
111,Chaudhry-Taneja,dkashyap@chaudhary.com,+91-4349500007,2021-12-17,134
112,Parmer-Kaur,ramharrison@mitter-bhagat.com,+91-3064080987,2025-05-12,34
113,Choudhury-Vohra,surchandresh@saini-kala.com,+91-6513490080,2022-05-15,5733
114,Natt LLC,chakrabortyraagini@jha.info,+91-1066331809,2024-10-15,600
115,"Patil, Yogi and Naik",reva17@andra.com,+91-7233065542,2021-07-12,1495
116,Pall Ltd,bainsvihaan@tiwari.info,+91-0904315594,2022-01-14,5612
117,"Anne, Issac and Kata",chatterjeeirya@pal.com,+91-1320812125,2022-01-21,3690
118,Chada-Viswanathan,divyamahal@randhawa.info,+91-9882457098,2021-06-24,3580
119,Narula PLC,kritika09@sandhu.com,+91-2724996301,2023-08-13,6073
120,Pandya-Golla,timothy32@narang.info,+91-3076252951,2021-07-01,5727
121,"Dasgupta, Saraf and Sha",girish86@saraf-bhatt.com,+91-4126276599,2024-01-25,1339
122,"Patla, Rai and Keer",abdul99@shetty.com,+91-0181845929,2022-07-29,1127
123,Kara LLC,kamdardhruv@palan.com,+91-7498216759,2025-05-06,1582
124,Chadha-Mitra,madanwaida@salvi.com,+91-6875782123,2022-04-04,6690
125,Kumer-Buch,misrapriya@balan.com,+91-4736508645,2024-06-08,4847
126,Wali-Tank,ekarajgupta@kala.com,+91-9506761854,2021-09-15,4351
127,Nayar PLC,ksodhi@barman-dua.com,+91-9397303648,2021-08-25,5761
128,"Maharaj, Iyengar and Rai",harshkeer@dada.net,+91-0978561869,2024-10-31,2492
129,"Grewal, Boase and Ahluwalia",vanyanair@kade.com,+91-5010500867,2024-08-28,4078
130,"Narula, Swamy and Palla",william67@tank-nair.org,+91-0895288594,2025-01-18,2460
131,Bhatnagar-Wagle,arya52@wali.net,+91-8624646409,2024-03-31,1415
132,Issac-Lal,anushamunshi@contractor-pandit.org,+91-4377890458,2022-03-21,6773
133,Majumdar-Balan,mdixit@trivedi.com,+91-9198274130,2024-04-24,5219
134,Mahajan PLC,chaudryaashi@hari.com,+91-0867761666,2024-01-19,1324
135,Hari-Bose,fiyazbhandari@khanna.org,+91-4782696380,2025-02-11,2794
136,Ravi-Sengupta,jagat09@dass-chopra.com,+91-7022575808,2021-08-31,3258
137,Wali LLC,bsridhar@shanker-gopal.info,+91-6376889564,2021-08-08,5859
138,"Bhavsar, Kara and Sarin",ishanvi63@narayanan-karan.com,+91-0825555946,2023-11-20,3778
139,"Dasgupta, Bandi and Kannan",imand@sarma-behl.com,+91-7038435812,2024-06-11,6116
140,Chacko Inc,gandhioni@loke.com,+91-9015175873,2022-08-10,4129
141,Ganesan-Sood,ishanitank@sengupta.com,+91-1308028818,2022-12-24,5703
142,Gole Ltd,vasana21@prabhu.org,+91-7355161826,2023-02-20,4028
143,Datta and Sons,oeshisandhu@edwin.org,+91-9663411280,2024-05-06,527
144,"Trivedi, Bath and Goyal",anmol87@kulkarni.com,+91-4673356308,2021-09-15,6941
145,Apte Inc,tanaybalasubramanian@rajan.com,+91-6025370645,2023-03-15,4206
146,"Setty, Bhatnagar and Kala",cchauhan@jayaraman.com,+91-7499487870,2021-10-31,6344
147,Shenoy and Sons,gardeyochana@khatri.net,+91-1946750328,2024-05-04,4106
148,Manne LLC,tanish94@sathe.com,+91-7822481644,2024-11-11,4312
149,Iyengar-Nath,ekanta26@kala.net,+91-6395530665,2023-05-06,1158
150,Raj-Patla,ayushman57@bhatt-swaminathan.com,+91-6913032373,2022-08-24,1055
151,"Ramesh, Srinivasan and Gour",gaganpradhan@mane-agarwal.net,+91-4305873889,2022-06-30,1680
152,Kale and Sons,zaitrasibal@bala-goswami.org,+91-4826947303,2024-07-05,3689
153,"Tiwari, Patla and Balan",azaan83@kothari.com,+91-2361158164,2025-03-21,4308
154,"Dalal, Devan and Mangal",btata@zachariah.com,+91-0753257001,2023-05-27,5268
155,"Guha, Bali and Rastogi",sastryati@pant.net,+91-8779336372,2023-09-10,4474
156,Chaudry-Kumar,wablelibni@sule.info,+91-1710496381,2024-09-19,5317
157,"Gala, Dhar and Goyal",xitikapadia@anand-devi.com,+91-6841208037,2024-02-08,3958
158,"Ghose, Narang and Bhagat",agastyakapadia@loyal.net,+91-9286366888,2022-04-08,474
159,Bhavsar-Nagarajan,keerronith@ramachandran-rai.com,+91-4207280415,2022-08-16,2702
160,"Sachdev, Choudhry and Balakrishnan",david86@chowdhury-mammen.com,+91-1808333504,2024-05-30,5385
161,Gour PLC,praneel94@kale.com,+91-9588457724,2023-09-05,4479
162,"Patil, Dubey and Baria",zansi51@gade-chanda.com,+91-8826894831,2023-03-01,6946
163,Deo-Rajagopalan,borravivaan@wagle-tata.biz,+91-2734724965,2024-02-22,2377
164,Balasubramanian Ltd,vmody@bhandari.com,+91-9475879126,2022-05-02,553
165,"Chandran, Kothari and Krish",adeo@kale.com,+91-2096749199,2024-03-19,3178
166,"Oza, Goswami and Seshadri",ochopra@sule.biz,+91-1483023409,2021-09-16,4278
167,Dash Inc,gourgirish@jain.biz,+91-9197125657,2024-04-13,406
168,Chada LLC,kboase@apte.info,+91-8453036350,2023-06-07,3150
169,Murty Inc,mohanpallavi@amble.com,+91-6865066982,2024-01-21,5715
170,Barman PLC,fkaur@sundaram.net,+91-0787095340,2024-12-21,632
171,Balakrishnan-Varma,schandra@minhas-sule.net,+91-8500388926,2022-02-03,5991
172,Narayan-Chauhan,groverjack@master-amble.com,+91-6388887815,2022-06-01,1638
173,Gala Inc,pbadal@lalla.com,+91-1956958889,2022-09-09,5718
174,Sarin-Chaudhry,chandani03@walla.com,+91-4312907616,2022-02-04,5926
175,"Nayak, Tank and Bath",gauri03@bera.com,+91-1992732094,2025-01-10,2093
176,"Keer, Bajwa and Venkataraman",sankardeepa@dasgupta.com,+91-5132138732,2023-04-06,4715
177,"Merchant, Sarma and Shankar",zzacharia@padmanabhan.net,+91-3391156693,2024-12-17,5263
178,Shere LLC,ndixit@trivedi-chand.info,+91-0777916349,2024-10-01,3032
179,Karan-Dhillon,oeshisawhney@sankar.biz,+91-5477024982,2021-10-25,3284
180,"Mitter, Pant and Bala",zjani@sankar.biz,+91-6642477409,2023-02-06,2507
181,Khanna-Chawla,bishakhachakraborty@bawa.com,+91-8419150470,2025-06-05,3831
182,Gole-Kadakia,dhingrapavani@bhat-batra.net,+91-6624406702,2025-04-04,6125
183,"Bhasin, Madan and Sha",isaac72@manda.com,+91-5160631524,2024-08-17,4711
184,Shenoy-Mital,shaurya75@mahal-radhakrishnan.com,+91-4695709098,2023-07-23,4911
185,Kata PLC,xsekhon@banik-mani.com,+91-8783478528,2022-05-13,4395
186,Dube-Pau,eiravati59@sankar.com,+91-1975221435,2025-01-31,2221
187,"Mangal, Bhatia and Mukhopadhyay",smenon@ratti.com,+91-9339245785,2024-07-04,3207
188,"Virk, Nath and Wali",buchaadi@sehgal.org,+91-2694092854,2025-05-28,201
189,"Vora, Trivedi and Roy",zayyanpant@ratti.net,+91-4099821751,2022-10-26,6169
190,Patla Ltd,faqidchaudhry@nori-pant.com,+91-1495286880,2022-05-28,5567
191,Sarma-Yogi,pdoctor@vohra-gole.net,+91-2492105180,2024-10-11,2659
192,Toor-Rattan,kotamason@minhas.org,+91-6473532955,2023-01-15,4222
193,Mand and Sons,haritacherian@bhagat.com,+91-5722218683,2023-05-07,3510
194,Nazareth-Subramanian,mkamdar@chawla.info,+91-9775588466,2021-07-26,5626
195,Balakrishnan-Roy,wazir42@gole-gole.com,+91-3738093480,2024-11-07,3636
196,"Vohra, Sehgal and Edwin",chaudhrycharvi@buch-atwal.com,+91-9380344317,2021-07-12,5108
197,Shan-Mallick,kevin13@din-palan.com,+91-8965743404,2023-10-20,2207
198,"Ravel, Divan and Pathak",yrout@ramaswamy-sharaf.info,+91-3281296670,2022-02-26,4648
199,Doctor LLC,nakul78@bajwa.info,+91-7399380264,2024-05-06,6350
200,Kala LLC,anmolvarma@majumdar.com,+91-8837446453,2023-10-13,6528
201,"Nagy, Bhalla and Aurora",harshilchoudhary@bala.info,+91-2459841154,2021-11-27,3169
202,Madan LLC,warjas48@khurana.com,+91-1420829190,2023-07-10,1580
203,Korpal-Vaidya,narayankrishna@bahl.net,+91-3533610443,2021-07-02,5557
204,Bath and Sons,dmajumdar@dyal.net,+91-2709487719,2022-06-30,4437
205,Sandhu LLC,ojasvi44@koshy-sarkar.org,+91-4127634851,2022-07-15,1978
206,"Chauhan, Bal and Setty",chandanikalita@mutti.com,+91-1242464240,2023-07-19,31
207,"Srinivasan, Tiwari and Saxena",msoni@shanker-madan.info,+91-9061279044,2022-10-28,5087
208,"Sama, Kaur and Agate",ldugar@khatri.net,+91-2768935475,2023-08-03,3644
209,Peri-Sinha,akulkarni@varma-wali.org,+91-0691112940,2021-10-14,1263
210,"Bora, Mani and Yogi",hardiksaraf@mall.com,+91-4254086775,2025-01-23,1650
211,"Atwal, Taneja and Jain",giriklanka@devan.org,+91-7099932495,2021-10-29,3236
212,Sem and Sons,mannwyatt@narayan.biz,+91-6725597131,2021-08-23,6587
213,Aurora-Sridhar,madanveda@badami-tailor.com,+91-0522352567,2025-04-13,978
214,"Roy, Shankar and Om",nathaniel67@devi.net,+91-8354570919,2024-06-24,416
215,Raman Inc,kadakiazansi@nagy.com,+91-2468386750,2024-01-01,6877
216,Venkataraman-Garde,glad@puri.biz,+91-8682257015,2023-02-24,4449
217,"Bava, Devi and Sant",kumarlakshmi@kaur.com,+91-6801797982,2024-01-06,487
218,"Bawa, Doshi and Vyas",ezacharia@soman.net,+91-3564361486,2024-12-03,4702
219,"Sagar, Kohli and Misra",arjunbaria@date-vig.com,+91-7161898075,2022-09-13,1153
220,Bhat-Lala,teerth01@nanda-saha.info,+91-1772063446,2024-09-29,3418
221,Guha-Wadhwa,devika24@bobal.info,+91-0277481661,2025-01-05,686
222,"Ratta, Ahluwalia and Grewal",dalbirbuch@tata.com,+91-1504518410,2024-05-29,3148
223,Thaman-Krish,gauri46@mitra.com,+91-5222260894,2023-01-24,3284
224,"Dube, Hegde and Palla",rpadmanabhan@naidu.com,+91-1578010284,2021-08-25,1085
225,Dani-Kohli,saitank@devi-patla.com,+91-0006208158,2023-05-07,61
226,Saha PLC,balvanbanik@thaker.net,+91-1909104448,2024-05-15,811
227,Gour LLC,mdevan@agate.com,+91-1476782303,2022-03-30,3430
228,Rattan-Keer,harita72@maharaj.com,+91-4704378558,2023-02-15,2644
229,"Karan, Baral and Sengupta",amruta92@dey.com,+91-6095833343,2021-10-15,2920
230,Khare-Gola,kavyababu@garde.com,+91-7151366792,2024-07-10,2611
231,Apte PLC,hiteshroy@srivastava-naidu.info,+91-7627975983,2021-07-04,6001
232,"Kalla, Hayer and Bali",nihal91@oak-peri.biz,+91-7644988447,2022-12-20,3684
233,Dave Group,fkrishna@kalla-sheth.info,+91-5343974459,2025-03-23,5607
234,Ben-Chatterjee,michael61@shukla-bose.biz,+91-4822938360,2021-12-12,4150
235,"Thakkar, Upadhyay and Sampath",tanveerbedi@kothari.info,+91-3494153641,2024-02-24,3329
236,Shetty-Rai,jainmanthan@dasgupta.biz,+91-4555616183,2023-11-03,2276
237,"Chakrabarti, Goyal and Edwin",qdubey@mitter.com,+91-0380816757,2022-12-15,2708
238,Puri Inc,aarnav60@mitra-palla.com,+91-8839661632,2021-07-15,4090
239,Agarwal-Goswami,zinalbehl@mistry.com,+91-7481824838,2023-01-05,5452
240,"Zachariah, Garg and Sama",gopal18@kuruvilla.com,+91-8086968689,2021-08-29,4283
241,Singh-Parmer,gautam88@pal-mallick.com,+91-8042397381,2024-12-11,3266
242,Doctor-Bhandari,omaja92@brahmbhatt.com,+91-1790489252,2021-12-30,2642
243,"Balakrishnan, Padmanabhan and Modi",hamsini71@atwal-dayal.org,+91-0745330845,2021-12-30,2686
244,Mangat-Mukherjee,pkala@ravel.com,+91-9680126587,2022-02-01,6158
245,Narain and Sons,masterwidisha@devi-bora.biz,+91-6328223301,2022-02-03,6215
246,Mitra-Gole,jbala@khare.com,+91-1911903429,2022-02-25,2937
247,Palla Ltd,panditpratyush@srinivas-sachar.com,+91-4092656795,2023-12-23,4044
248,"Shetty, Dayal and Dube",patricksachdeva@dewan.net,+91-6516525045,2023-11-28,2885
249,"Deshpande, Morar and Suresh",narayanmanan@bora.com,+91-1494012367,2024-04-26,819
250,"Ratta, Randhawa and Chhabra",ira24@oza.com,+91-2228115871,2025-03-12,1411
251,Sahni Group,nimrat57@koshy.org,+91-7718959684,2022-09-10,2088
252,Iyer-Hari,lbobal@ramanathan-ranganathan.biz,+91-9121437797,2021-07-06,3853
253,"Seth, Purohit and Konda",tanish71@jani.info,+91-3810704708,2024-12-23,3531
254,Lala Ltd,lsoni@barman.com,+91-4198398271,2023-10-15,2250
255,Dash Inc,gunbirzacharia@more.biz,+91-9260448859,2021-10-19,47
256,"Dutt, Desai and Kade",avnikant@bhavsar.org,+91-4232971337,2025-02-21,57
257,Issac-Gulati,dkala@chatterjee.com,+91-5347822661,2024-07-24,429
258,"Banerjee, Chatterjee and Gole",ekanikeer@ram-bhandari.org,+91-7409743112,2024-11-20,3166
259,Khosla-Chana,hanschameli@sarma.biz,+91-1432944798,2021-07-20,4291
260,Krishna-Mitra,aradhana64@trivedi.com,+91-3446992852,2023-11-08,3657
261,Mani-Pall,balisaiah@ghose-rai.com,+91-8849622009,2022-02-19,2766
262,"Chander, Mander and Shan",nachiket16@behl.com,+91-8799353810,2024-10-28,4269
263,Nair PLC,chari@shan-dar.biz,+91-6918997530,2022-02-28,6447
264,Mander PLC,avni52@palla.net,+91-2912302479,2022-12-08,6630
265,"Mannan, Bedi and Balasubramanian",pgole@varma-rattan.com,+91-3567964462,2025-03-24,3400
266,Choudhary-Bhatia,pranit34@mohan.net,+91-1246522132,2021-11-12,6623
267,"Agrawal, Chandra and Goda",graju@nadkarni.org,+91-7842487595,2024-07-03,4350
268,Vasa PLC,sudiksha08@ram-kumar.com,+91-6684606558,2021-07-28,1088
269,Prashad Inc,anvi40@munshi-purohit.com,+91-2094290098,2022-04-16,2386
270,Batra Inc,emurty@dugal-ranganathan.info,+91-9493640893,2023-06-12,5598
271,"Das, Mukhopadhyay and Dhar",kaurvamakshi@apte.com,+91-5752491142,2025-02-25,471
272,"Panchal, Date and Kapur",butalahardik@comar.com,+91-1487310234,2023-11-03,2928
273,Chatterjee-Devan,rpradhan@ganesan-mallick.com,+91-2068815846,2022-11-11,585
274,Prabhu and Sons,hchadha@patil-bumb.com,+91-5107674393,2022-04-19,3398
275,Vyas-Bhagat,qadimdhingra@anand.com,+91-0900735617,2022-08-02,3135
276,Magar-Bhandari,zansinair@muni-deo.net,+91-5237002939,2021-08-17,2891
277,Lad-Dutta,aadhya99@sagar.biz,+91-8283824492,2021-11-17,2092
278,Rajagopalan-Ramaswamy,qchoudhary@pandya.com,+91-0274626509,2023-03-28,2664
279,"Toor, Shah and Kota",tprakash@doctor-brar.com,+91-8321732775,2022-12-10,873
280,Kadakia Group,vasudhasahota@warrior.com,+91-9154865744,2022-10-19,1261
281,Trivedi LLC,tanejayatin@chana.com,+91-3555054920,2024-01-02,1435
282,"Dixit, Sagar and Mangal",pwable@amble.com,+91-0967683956,2024-11-02,2103
283,"Ahuja, Murthy and Balay",balvangolla@bir.com,+91-9345148432,2023-04-09,2479
284,Dubey-Mohanty,eshukla@dua-uppal.com,+91-4768428593,2023-06-22,2131
285,Doctor-Savant,patrickshere@pathak-kunda.biz,+91-3995459854,2021-10-26,563
286,Mahajan Inc,janyalala@sridhar.com,+91-9808614678,2022-12-03,6307
287,Samra LLC,timothy56@muni-bhatti.com,+91-2578328149,2024-12-10,4197
288,Patel Ltd,deolwakeeta@arora.net,+91-6743643310,2024-07-30,4823
289,Kannan-Lata,patlaraghav@karnik.com,+91-8498466380,2024-09-09,5011
290,Bhalla Group,pantreyansh@saini.com,+91-3632880891,2022-08-31,3870
291,"Banik, Talwar and Gera",tanishmall@khalsa.com,+91-2508645663,2024-12-23,2426
292,"Vasa, Murty and Mitter",zaitrakalla@tandon.com,+91-5077677479,2022-06-23,41
293,"Balay, More and Raman",kborah@dass.net,+91-1786569624,2024-04-27,1178
294,"Bhatia, Johal and Prashad",kavya88@bali.com,+91-0732156591,2023-12-21,6568
295,"Bajwa, Minhas and Randhawa",agastyasingh@baria.com,+91-3611895914,2022-09-24,6948
296,Date-Sharaf,kalpit43@saraf.com,+91-1207925903,2024-02-16,6826
297,"Gopal, Sama and Gala",jagrati28@chakrabarti.biz,+91-0901993937,2022-12-03,1653
298,"Badami, Tailor and Dutt",salvisachi@dora.com,+91-9296448403,2022-06-02,1652
299,Chaudhary-Talwar,balasubramanianlila@mani.info,+91-3970968568,2025-01-16,4336
300,Sehgal LLC,gopalbawa@rana.org,+91-8397183503,2023-07-31,3331
301,Bava LLC,avisamra@gaba-ram.com,+91-0826187516,2021-08-26,4378
302,Saini LLC,pshetty@basak-gola.net,+91-2967481456,2024-10-31,3489
303,Venkataraman-Shah,tanvi64@batta-singh.biz,+91-2739716609,2025-04-19,140
304,"Atwal, Ramanathan and Wable",ravalqarin@mandal.com,+91-0246830843,2023-12-22,4199
305,Mannan and Sons,qmann@chakrabarti.com,+91-1511649665,2024-03-21,6354
306,Sharaf-Chaudhuri,zray@nayak.biz,+91-6992386124,2022-01-27,1912
307,"Baria, Hari and Babu",bmishra@chandran-bobal.com,+91-3928577078,2024-12-29,6853
308,"Sabharwal, Bedi and Gara",pandityuvraj@chandran-dey.biz,+91-6614843350,2023-03-15,2608
309,Sane and Sons,osandal@kata.biz,+91-0410168154,2021-10-08,6723
310,Bose Group,srama@pal.com,+91-1118452383,2024-10-31,3850
311,Krishnamurthy-Gaba,fmane@bose-srinivasan.com,+91-4878385429,2022-05-28,344
312,"Sur, Jaggi and Kalla",kakarliam@boase-gupta.com,+91-4518487056,2022-12-14,5982
313,"Nayar, Sen and Varma",vorageorge@dayal.com,+91-2995315612,2023-04-09,521
314,"Bajwa, Balay and Sagar",cheemaxavier@keer.info,+91-9481674623,2025-06-10,3708
315,Gera Inc,mohammed39@sankaran.biz,+91-1414174843,2021-08-09,163
316,"Nazareth, Arya and Rai",joshiindira@bedi-dalia.com,+91-6850192098,2025-01-31,2009
317,"Mall, Banik and Sood",sai21@mammen.com,+91-3830502419,2024-06-13,3345
318,Seth Inc,sagarojasvi@choudhury-ahluwalia.net,+91-1349222189,2022-10-25,1590
319,"Hegde, Wason and Manda",vaishnavi13@kashyap.info,+91-6326255477,2025-04-30,374
320,"Sengupta, Sarkar and Chhabra",ektasami@banik.com,+91-7662914164,2022-11-07,5098
321,Ben Ltd,igara@dewan-narain.com,+91-5153647731,2022-05-26,2444
322,Sampath Inc,igrover@gill-krishnamurthy.biz,+91-6929758054,2021-08-05,6635
323,"Butala, Amble and Yohannan",diya31@swaminathan.org,+91-5035559136,2024-06-22,2194
324,Joshi Inc,kamyamand@prashad-panchal.biz,+91-4430976511,2023-09-07,1261
325,Rau PLC,udarshbose@chaudhari.net,+91-7214706898,2022-12-15,1739
326,Sabharwal-Manne,dharkabir@banerjee.biz,+91-7440612525,2025-05-01,4200
327,Bath-Patla,tristangoda@ram-agate.com,+91-3289833633,2022-08-28,5268
328,"Prakash, Sethi and Swaminathan",idikashetty@narain-palan.com,+91-6610364721,2022-09-29,3369
329,Bandi-Mitter,nrau@sengupta-contractor.org,+91-9328459813,2023-02-13,498
330,"Patil, Pillay and Prabhakar",hganesan@khare-mandal.com,+91-5494532941,2021-08-15,1421
331,Parikh-Kalla,daksh91@andra.net,+91-1262224644,2024-03-28,371
332,Thakkar-Agrawal,darika24@kumer-sule.com,+91-1618754073,2024-09-09,6532
333,"Mukhopadhyay, Chauhan and Rajagopalan",chaudhryadvika@sandhu-bhagat.com,+91-5605380982,2022-10-23,5683
334,Chacko-Chhabra,aarushprashad@bhatti.net,+91-7673685965,2023-06-05,2727
335,Karnik LLC,qdevan@chaudry.com,+91-1713555154,2021-09-25,5991
336,Chopra Group,jdewan@verma.com,+91-4196480173,2023-02-07,398
337,Khanna and Sons,borabalhaar@sachdev.biz,+91-3684850357,2022-02-10,4429
338,"Chad, Sahota and Mangat",abhiramnarang@talwar.com,+91-7520056529,2021-08-01,5010
339,Rana-Deol,bhavyanigam@rajagopalan-bir.com,+91-3118917440,2024-06-03,6029
340,"Dada, Keer and Sani",ladqadim@singhal.com,+91-5084275927,2025-01-14,4381
341,Shetty-Grover,maanavshenoy@nair-thaker.com,+91-0926177090,2023-02-05,1830
342,Edwin Group,anmoljoshi@yohannan.com,+91-7125001762,2024-09-16,250
343,Vasa Group,libnidhawan@iyer-yogi.biz,+91-5016174608,2023-07-08,4987
344,Singh LLC,vaidyaharita@bhat-kanda.info,+91-0527487665,2022-11-02,6365
345,Narang-Walla,ndoctor@sood-basak.com,+91-2647409301,2021-10-02,2278
346,Bhandari PLC,dayalyachana@ganesh.com,+91-9927888850,2024-12-18,6118
347,Anne Inc,anirudh41@mohanty.info,+91-2143071990,2022-11-20,567
348,Kant-Upadhyay,mitalidass@pandya-ravi.biz,+91-9634406757,2023-03-16,1742
349,Shukla-Thaker,brinda29@mall-keer.biz,+91-3854679151,2025-04-23,2205
350,Shenoy PLC,frandhawa@sama-raja.com,+91-5994490064,2023-03-21,5473
351,"Kata, Korpal and Kapadia",obalan@basu-bhat.com,+91-6387107916,2023-03-05,4739
352,"Choudhary, Bala and Bora",vihaan38@sur.net,+91-9519520085,2024-08-12,100
353,Upadhyay Group,semaradhana@bajaj.com,+91-1528029037,2023-06-13,4784
354,"Srivastava, Bandi and Modi",ayushmandewan@bera.com,+91-2755905750,2024-02-06,6310
355,Dey-Sood,trivedigagan@chokshi.biz,+91-2806060443,2025-04-21,3550
356,"Mahajan, Bahri and Buch",ynazareth@kulkarni.biz,+91-8609104960,2023-01-16,5227
357,"Sachdev, Pai and Bhalla",dhriti16@warrior-verma.com,+91-8286865837,2022-01-24,543
358,Grewal-Vala,nihalkuruvilla@mohanty.net,+91-6878798078,2023-06-24,6748
359,"Sen, Raghavan and Shankar",atharv39@bansal.com,+91-0869399775,2021-11-14,4976
360,"Seshadri, Chana and Kunda",sarthakvasa@sarna.com,+91-9316608613,2023-10-16,3897
361,"Shan, Lal and Karnik",jagvi25@parmar-kashyap.biz,+91-7543594125,2022-01-23,4886
362,"Halder, Nayak and Din",raviwarinder@garg.net,+91-5299133689,2022-09-26,3972
363,"Murthy, Bhatt and Tak",aadiraghavan@mitra.com,+91-5962000899,2024-06-23,6920
364,Andra-Baral,pnatt@bava.com,+91-2582316588,2025-04-27,6728
365,Setty-Sem,shereharsh@srinivasan-chaudhary.biz,+91-5405163035,2024-01-20,4718
366,Tiwari Inc,sudiksha66@dani.com,+91-1902657933,2022-04-14,3990
367,"Banik, Palan and Bhatia",narora@manda.biz,+91-9360631231,2024-10-25,1106
368,Kohli Ltd,spandey@bhakta.biz,+91-1517894737,2021-08-08,6888
369,Bali-Manne,alexanderramachandran@sethi.com,+91-4940109809,2024-10-15,2235
370,Singh Group,rauucchal@manne.com,+91-4988831296,2022-08-06,2758
371,Menon Ltd,george46@lala-thaman.com,+91-8525577733,2022-12-18,1253
372,"Shan, Badal and Buch",hiral41@gour.com,+91-8461056755,2021-10-01,4549
373,"Doshi, Koshy and Raghavan",sacharjatin@seshadri-ravel.com,+91-4925636694,2024-10-25,2202
374,Mukhopadhyay-Bobal,dvig@chander.com,+91-7086876893,2021-10-25,898
375,Dugar Inc,jkalla@doshi.biz,+91-5987239974,2024-04-11,1719
376,Kumar-Bhavsar,jdutt@bhardwaj.net,+91-0165748157,2022-04-06,2971
377,Dara PLC,kalasagar@sunder.com,+91-6127142908,2021-11-20,3189
378,Pradhan Ltd,vpant@bath.com,+91-0152549268,2022-11-04,4993
379,Kurian Inc,pdivan@tella-narasimhan.com,+91-5218151437,2021-12-12,2215
380,Deshpande-Chaudhary,aarush54@bhardwaj-biswas.com,+91-2206187445,2023-09-24,4315
381,"Nagy, Char and Nagar",lakshmiraghavan@tata.org,+91-4847285814,2024-11-17,108
382,Palla-Raghavan,sborah@kapadia.com,+91-9320116393,2024-09-06,2448
383,Desai Ltd,gillfaras@panchal.net,+91-1036312444,2022-06-02,2604
384,Varghese Group,parmerbenjamin@parmar.biz,+91-9496689131,2021-06-26,347
385,Kulkarni-Gaba,virkekani@toor.net,+91-4034087675,2022-07-10,3802
386,"Brar, Nayak and Morar",pratyushbhargava@subramanian-madan.com,+91-2981416118,2022-03-22,1677
387,Manda Group,azadparmar@dhar.com,+91-8934804429,2021-09-11,2900
388,"Kalla, Mahajan and Gola",rsaha@sarkar.com,+91-1266853880,2023-10-24,6173
389,Kaur LLC,ishitabhatnagar@sheth.com,+91-5056782469,2024-01-17,6309
390,Natarajan-Basu,vbalasubramanian@goel-prasad.net,+91-3129189220,2025-01-06,3094
391,Panchal-Saran,sudikshabobal@agate.net,+91-9113638508,2022-02-24,6159
392,Parikh-Sarma,meeraswamy@narula.com,+91-5325714415,2024-12-12,5664
393,"Singhal, Rama and Ramachandran",rachit57@bal.com,+91-7740366787,2023-10-23,4032
394,Boase Group,sibalgabriel@sastry.info,+91-8523510447,2023-11-19,2451
395,Mann LLC,ikbal21@kothari.com,+91-7012819013,2022-07-30,4174
396,Sarna-Raja,gaurangtank@menon-arya.com,+91-8657963821,2025-05-06,117
397,Patla Group,nidhi35@yadav.com,+91-4497136531,2022-04-19,4695
398,Varty-Sane,vamakshi26@ghose.info,+91-1022782501,2023-08-20,2637
399,Barad-Mann,ishita91@dugar.com,+91-5052024554,2023-06-25,4082
400,Krishnamurthy Inc,yahvi48@chaudhari.info,+91-3973756189,2021-11-11,5245
401,"Sha, Zacharia and Dada",xlala@dube.com,+91-4117542262,2021-09-22,5236
402,"Padmanabhan, Sachdev and Sarma",hbose@saini.com,+91-1467844117,2021-12-22,1825
403,Prakash PLC,santbachittar@basu.org,+91-4338512429,2024-08-20,4695
404,Chakraborty-Shetty,yramakrishnan@kapoor.biz,+91-6855951666,2022-07-30,2058
405,"Bhatt, Sodhi and Sahota",aahanabhatnagar@joshi-keer.org,+91-3399015032,2023-06-06,5545
406,Iyer-Sani,lajita00@yohannan.com,+91-5330672938,2024-03-30,155
407,Karnik LLC,fkaran@kunda-shere.info,+91-1518953886,2022-11-14,2759
408,"Parekh, Balay and Raval",inayabadal@prasad.com,+91-8981084579,2022-10-04,4789
409,Bala-Dasgupta,suraarjun@mitter.com,+91-4574977018,2023-04-22,6787
410,Parmer-Chad,aishani75@sahni.com,+91-8745167025,2024-10-29,5145
411,"Shenoy, Goswami and Badami",abha51@rege.info,+91-4109685835,2023-12-03,6237
412,Narula Ltd,ppalla@kant.com,+91-9648793485,2022-04-10,4494
413,"Maharaj, Dube and Zachariah",surjalsa@nath.com,+91-8275378654,2025-03-02,370
414,Tandon-Lalla,divya19@wable.net,+91-1858166869,2024-03-11,1150
415,Sabharwal-Saini,anamikapingle@golla-mangal.com,+91-0644147520,2022-03-31,5390
416,Krishnan Ltd,mannanupkaar@chana.com,+91-7484983329,2023-09-10,3541
417,Wali and Sons,balavedhika@mallick-baria.com,+91-9358942909,2023-07-08,9
418,Kibe-Dyal,kkurian@sarin.org,+91-9750423963,2021-11-28,1382
419,Vig Ltd,lallcaleb@sahota.com,+91-7786888685,2022-04-25,5876
420,Dewan Group,waida36@singh.com,+91-0082192286,2023-05-31,5055
421,Anne and Sons,krishvarghese@shukla.biz,+91-9192623836,2022-07-25,2056
422,"Kashyap, Zachariah and Lal",ibains@dixit.biz,+91-4386833514,2024-01-31,2215
423,Rajan Inc,manbirmammen@rajan.net,+91-8556781027,2023-07-24,1206
424,Nayak LLC,tanvi93@gokhale.net,+91-5930586737,2021-12-03,5331
425,"Kale, Rama and Raj",devanshchaudhari@raj-vala.com,+91-3998616463,2024-10-23,6626
426,Joshi Inc,jaggihritik@narasimhan-nori.com,+91-5154787571,2023-11-12,363
427,Apte Inc,fariqswamy@mani.com,+91-4694879803,2022-04-01,6566
428,Verma Ltd,ansh11@sen.com,+91-9222328731,2022-05-24,1911
429,Walia and Sons,chandran35@gala.info,+91-9221529785,2023-06-05,738
430,Grover-Swaminathan,ladlimuni@aggarwal.net,+91-7885407888,2022-08-06,2899
431,Vaidya-Mall,balhaar19@khalsa-morar.com,+91-3206962610,2022-06-11,4346
432,"Shan, Swaminathan and Date",nihalwali@din.com,+91-8761562403,2024-01-21,4920
433,Walla-Ganguly,harinakshimukhopadhyay@chander-choudhry.info,+91-2582926263,2022-12-03,6249
434,Palan Ltd,akaur@bansal.net,+91-2643951275,2022-10-28,1147
435,Dara-Natarajan,bgade@dugar.net,+91-8091617681,2025-05-20,2721
436,Rana PLC,dmohan@baria.org,+91-6653666783,2024-01-25,4265
437,"Chawla, Grover and Ahluwalia",advikalad@sagar.com,+91-1609432817,2025-05-15,2297
438,Uppal Ltd,ymadan@deep.biz,+91-1595875012,2022-01-10,5002
439,Chakraborty-Munshi,mandersanya@mahal.com,+91-0274073683,2021-11-26,6894
440,Kant Group,jonathanmunshi@suri-modi.info,+91-8972593747,2024-10-23,144
441,"Sidhu, Rai and Verma",karansastry@mody-lad.com,+91-1104676479,2024-10-09,3840
442,Kar Inc,pandyachaman@gara.net,+91-1213271604,2022-12-18,1567
443,Upadhyay-Prashad,hemangini61@ramaswamy.biz,+91-0180098717,2022-05-31,6918
444,Varma LLC,opandit@rege-om.org,+91-3383032738,2024-03-16,2558
445,Reddy-Majumdar,ramanathandavid@minhas.biz,+91-1207928317,2025-01-26,1259
446,Gole-Sethi,ldass@bajaj.com,+91-9931905824,2025-04-08,335
447,"Dugar, Vyas and Guha",pbhattacharyya@ray.com,+91-0616254704,2023-06-28,1863
448,Palla and Sons,nakshkala@saini.biz,+91-7821240144,2023-08-22,790
449,Koshy Ltd,lipikaseth@tara.com,+91-1974321314,2024-07-15,4617
450,Acharya-Sundaram,daraamol@vig.biz,+91-6067790968,2022-05-14,6096
451,Gandhi Group,reyansh92@madan.com,+91-8449944255,2022-02-10,3605
452,Buch-Lal,arjun20@bajwa.com,+91-6866268943,2024-12-25,5448
453,Kumer LLC,teerthhayre@bhagat.biz,+91-4943195312,2024-04-29,3767
454,Kapur LLC,johalqasim@wali-borra.com,+91-4742563846,2023-01-16,3860
455,Tailor Inc,bassilibni@ahuja-bakshi.com,+91-2954292064,2024-09-29,2341
456,Bava-Mittal,samakshkannan@rajagopalan.com,+91-2813627283,2021-11-30,4363
457,"Kanda, Anand and Saraf",zbhatti@saran.com,+91-8282458291,2023-12-18,3579
458,Bedi-Butala,tejas18@kara-nigam.com,+91-2036783398,2023-09-10,3771
459,Butala-Tata,dbakshi@chand.info,+91-1953885910,2023-03-31,2971
460,Batta PLC,gandhifaras@majumdar.net,+91-1466952921,2023-05-21,4995
461,"Sathe, Bhatt and Khosla",sarindev@bassi-palla.com,+91-4514575409,2025-05-18,2993
462,Balasubramanian-Parekh,lopa17@dash.info,+91-2680436353,2022-01-26,932
463,Sarkar Group,gagan23@tara.com,+91-2867711761,2025-05-10,5377
464,"Mangal, Radhakrishnan and Choudhary",mananaggarwal@din.com,+91-0667549139,2022-10-23,2530
465,"Thakkar, Raman and Mandal",jeremiah33@butala.biz,+91-6045779909,2024-10-23,547
466,"Sharma, Saraf and Vig",andrewaurora@sagar-banik.com,+91-5375100218,2024-05-12,4207
467,Chaudhari LLC,trivenibatta@jhaveri-andra.info,+91-4114938059,2023-10-31,3485
468,Swamy Group,parmerdayita@purohit-karnik.com,+91-4086732370,2023-07-07,6045
469,Gupta Ltd,bina00@mammen.com,+91-7831962272,2022-06-11,2190
470,Datta LLC,singhjack@dhar-tandon.com,+91-5418460047,2021-10-16,5626
471,Kibe-Taneja,hemal09@apte.com,+91-7968278354,2022-12-25,4282
472,Ray-Nagi,kbrar@varghese.com,+91-1387607773,2022-11-18,5912
473,Pradhan-Bobal,mitrareyansh@murty-sen.com,+91-5615194793,2022-07-13,1303
474,Bansal Ltd,utkarsh86@bala.com,+91-4387275317,2022-01-12,1651
475,Wadhwa-Morar,girishrau@pandit.com,+91-0641999279,2022-06-06,31
476,"Rama, Amble and Lad",harini16@buch.biz,+91-7410950959,2023-03-07,4104
477,Shan Ltd,rushilsagar@barad.com,+91-6134788299,2023-07-25,4277
478,"Atwal, Sura and Chauhan",rjoshi@deshpande.com,+91-4448591525,2022-07-02,6182
479,Chakrabarti Group,murthyyochana@vasa-mannan.com,+91-6389921838,2024-07-11,5931
480,Krishnamurthy PLC,yashvinatarajan@ghose-dixit.org,+91-3639633106,2024-11-10,1058
481,Chacko-Ramanathan,boratejas@mallick.com,+91-1005810466,2024-06-07,6874
482,Gade-Sami,matthew12@sahni.com,+91-3908857575,2021-10-13,4968
483,Deshmukh Inc,dugargagan@chad.info,+91-9339813619,2023-09-30,2622
484,Dora-Trivedi,bsachar@vohra.com,+91-0846793452,2023-10-27,6445
485,Dixit-Sinha,psaini@patla.com,+91-7411957796,2024-06-22,5255
486,"Sahni, Ghose and Dada",reva17@bobal.info,+91-8750666966,2023-02-02,4260
487,Naidu PLC,zaitrabhagat@sharma.info,+91-2202903264,2023-08-29,3248
488,Vasa-Trivedi,njoshi@ganesh-krish.com,+91-9772626932,2025-01-29,5705
489,Suresh-Wagle,zayyan64@wable.biz,+91-6157049712,2025-01-07,4214
490,Dâ€™Alia-Prabhu,kapoorshivansh@oak.com,+91-4739417635,2022-03-29,6603
491,Gokhale and Sons,grao@shroff.com,+91-3708204904,2022-11-03,2265
492,"Loyal, Aurora and Sami",evarghese@de.biz,+91-9875725242,2023-12-28,869
493,"Maharaj, Date and Jayaraman",qbhakta@ramakrishnan.com,+91-8562295943,2021-09-25,4674
494,Devan and Sons,choudhryalka@arora.com,+91-5163366372,2023-03-18,3443
495,Edwin Ltd,fbhakta@choudhury.com,+91-4948147853,2022-12-05,1304
496,"Padmanabhan, Jha and Shetty",bvig@bhagat.com,+91-2540550738,2022-06-18,2005
497,Khurana LLC,wmurthy@pal-agarwal.biz,+91-7172723683,2021-10-31,5298
498,"Sule, Goda and Varkey",fkata@soni.net,+91-6995865482,2022-08-26,6279
499,"Amble, Gulati and Raju",bavaquincy@rama.com,+91-4606333790,2022-07-09,1801
500,Pillai-Pandit,oliver44@ratti.com,+91-8856445652,2024-07-08,1379
